uid,prcnt_chng_avg_selector_days,prcnt_chng_over_365_days,prcnt_chng_cpmh,prcnt_chng_cpmh_na,prcnt_chng_turnover
BISMARCK-2345-3J-4,0.083,0.056,0.090,0.090,-0.08
CHICAGO-2099-3Y-4,0.107,0.105,0.096,0.096,-1.00
CINCINNATI-1103-3W-4,-0.253,-0.495,0.134,0.134,-0.41
GRAND FORKS-2340-3L-4,-0.098,-0.128,0.050,,
INDIANAPOLIS-1054-3V-4,0.145,-0.019,0.319,0.319,-0.34
IOWA-2370-6F-4,0.405,0.014,2.750,2.750,0.56
KANSAS CITY-3230-6I-4,-0.024,-0.061,0.104,0.104,-0.47
MINNESOTA-2350-3F-4,-0.139,-0.131,-0.013,-0.013,4.92
OMAHA-2360-9I-4,0.100,0.063,0.076,0.076,-1.00
SALEM-3210-8U-4,-0.339,-0.230,-0.015,-0.015,-0.12
ST.LOUIS-3220-9U-4,-0.116,-0.271,0.173,0.173,-0.67
STREATOR-2330-3K-4,-0.047,0.060,-0.152,,
WISCONSIN-248-3D-4,0.030,0.041,0.082,0.082,-1.00
ALBANY-2140-9B-4,0.366,0.185,0.064,0.064,-0.66
ALLENTOWN-2110-2J-4,0.191,0.097,0.021,0.021,-0.62
ALTOONA-2180-2H-4,-0.132,-0.257,0.062,,
BOSTON-2148-2O-4,-0.104,0.025,0.084,0.084,0.18
BRIDGEPORT-3190-4V-4,-0.058,-0.125,0.019,0.019,-0.46
BUFFALO-2190-2R-4,-0.213,-0.242,0.076,0.076,-0.24
CLEVELAND-1104-3Z-4,-0.149,-0.100,0.225,0.225,-0.55
CONNECTICUT-2020-2G-4,-0.138,-0.067,0.213,,
DETROIT-1106-8L-4,0.014,0.084,0.310,0.310,-0.67
GREENSBURG-2185-8E-4,-0.336,-0.333,-0.070,-0.070,-0.34
METRO NEW YORK-2160-2I-4,0.070,0.040,0.242,0.242,-0.64
PITTSTON-2170-2N-4,-0.183,-0.284,0.034,0.034,0.50
SWEDESBORO-2116-2Z-4,-0.114,-0.073,-0.047,,
DENVER SOUTH-3160-6V-4,0.053,-0.210,-0.382,-0.382,-0.81
SALT LAKE CITY-4118-4H-4,-0.112,0.139,0.076,0.076,-0.17
SEATTLE SOUTH-4147-4Q-4,-0.151,-0.208,-0.043,,
ATLANTA-2220-5I-4,-0.066,-0.059,0.034,0.034,-0.60
AUSTIN-3023-6Z-4,0.091,0.088,0.189,0.189,-1.00
DALLAS-3150-6W-4,0.050,0.273,0.000,0.000,-0.29
HOUSTON-3126-6Y-4,0.007,0.192,-0.049,-0.049,-1.00
JACKSON-3186-6U-4,-0.020,0.167,0.136,0.136,-1.00
KNOXVILLE-2270-6H-4,0.103,0.175,0.018,0.018,-0.71
LITTLE ROCK-3051-6D-4,0.575,0.601,0.257,0.257,-0.41
MEMPHIS-3147-8S-4,-0.143,-0.116,-0.134,-0.134,-1.00
MONTGOMERY-2230-5Y-4,0.042,0.092,0.174,0.174,-0.81
NORCROSS-3139-8O-4,0.156,0.297,0.257,0.257,-1.00
OKLAHOMA CITY-3170-6J-4,0.060,0.138,0.250,0.250,-0.90
BOCA RATON-3135-8N-4,0.011,-0.066,0.030,0.030,-0.60
CHARLOTTE-2210-5E-4,0.202,0.141,0.158,0.158,-0.72
COLUMBIA-2260-5D-4,0.289,0.337,0.400,0.400,-0.23
FORT MILL-2250-6B-4,0.183,0.137,0.231,0.231,-0.82
MANASSAS-2125-5O-4,-0.155,-0.239,0.188,0.188,0.13
PORT ORANGE-3055-5Z-4,0.193,0.189,0.100,0.100,-0.09
RALEIGH-2240-5G-4,0.341,0.446,0.267,0.267,-0.88
ROANOKE-2135-6G-4,0.080,0.540,0.390,0.390,-1.00
TAMPA-3103-9D-4,0.101,0.031,0.132,0.132,-0.39
WEST VIRGINIA-2165-2L-4,-0.001,0.000,0.150,,
ALBUQUERQUE-1933-8V-4,0.023,-0.006,0.322,0.322,-1.00
CORONA-4150-4U-4,-0.176,0.005,0.070,0.070,0.22
LAS VEGAS-4100-3M-4,0.198,0.060,0.118,0.118,-1.00
LOS ANGELES-4120-4C-4,-0.090,-0.020,0.000,0.000,-0.63
LUBBOCK-3120-6N-4,-0.188,0.024,0.112,0.112,-1.00
PHOENIX-4146-4I-4,0.033,-0.232,-0.040,-0.040,0.17
RENO-4110-4R-4,0.266,-0.004,0.028,0.028,-1.00
SAN DIEGO-4140-4J-4,-0.208,-0.108,-0.299,,
SAN FRANCISCO-4117-4O-4,0.041,0.003,0.177,0.177,-0.47
BISMARCK-2345-3J-5,0.004,0.000,0.033,,
CHICAGO-2099-3Y-5,0.001,0.067,0.099,0.099,-0.88
CINCINNATI-1103-3W-5,-0.292,-0.412,0.342,0.342,-0.44
GRAND FORKS-2340-3L-5,-0.010,-0.107,0.081,0.081,0.17
INDIANAPOLIS-1054-3V-5,0.040,-0.012,0.267,0.267,-0.58
IOWA-2370-6F-5,0.346,0.518,0.022,0.022,-1.00
KANSAS CITY-3230-6I-5,-0.061,0.011,0.156,0.156,0.09
MINNESOTA-2350-3F-5,-0.013,-0.059,0.019,0.019,-0.61
OMAHA-2360-9I-5,0.070,0.086,0.063,0.063,-1.00
SALEM-3210-8U-5,-0.296,-0.168,-0.015,,
ST.LOUIS-3220-9U-5,-0.095,-0.038,0.439,0.439,-0.13
STREATOR-2330-3K-5,-0.091,0.060,-0.023,,
WISCONSIN-248-3D-5,0.177,-0.024,0.017,,
ALBANY-2140-9B-5,0.303,0.246,0.115,0.115,-0.11
ALLENTOWN-2110-2J-5,0.261,0.166,0.071,0.071,-0.75
ALTOONA-2180-2H-5,-0.115,-0.122,0.060,,
BOSTON-2148-2O-5,0.040,0.114,0.094,0.094,0.54
BRIDGEPORT-3190-4V-5,0.006,-0.085,0.065,0.065,-0.47
BUFFALO-2190-2R-5,-0.293,-0.287,0.058,0.058,-0.66
CLEVELAND-1104-3Z-5,0.167,0.156,0.126,0.126,-1.00
CONNECTICUT-2020-2G-5,0.029,-0.095,0.085,0.085,-1.00
DETROIT-1106-8L-5,0.014,0.143,0.257,0.257,-1.00
GREENSBURG-2185-8E-5,-0.247,-0.339,-0.070,-0.070,-0.67
METRO NEW YORK-2160-2I-5,0.163,0.130,0.231,0.231,-0.75
PITTSTON-2170-2N-5,0.017,0.220,0.318,0.318,0.90
SWEDESBORO-2116-2Z-5,-0.082,-0.090,0.019,,
DENVER SOUTH-3160-6V-5,0.208,0.296,-0.047,-0.047,-0.59
SALT LAKE CITY-4118-4H-5,0.007,0.043,0.028,,
SEATTLE SOUTH-4147-4Q-5,-0.125,-0.182,-0.030,,
ATLANTA-2220-5I-5,-0.027,0.032,0.028,0.028,-0.45
AUSTIN-3023-6Z-5,0.260,0.138,0.090,0.090,-1.00
DALLAS-3150-6W-5,0.210,0.248,0.043,0.043,-0.51
HOUSTON-3126-6Y-5,-0.069,0.070,0.022,0.022,0.13
JACKSON-3186-6U-5,-0.082,0.193,-0.599,-0.599,-1.00
KNOXVILLE-2270-6H-5,0.021,0.119,-0.026,-0.026,-0.54
LITTLE ROCK-3051-6D-5,0.424,0.340,0.195,0.195,-1.00
MEMPHIS-3147-8S-5,-0.097,-0.070,-0.023,-0.023,-1.00
MONTGOMERY-2230-5Y-5,-0.126,0.044,0.165,0.165,-0.50
NORCROSS-3139-8O-5,-0.058,0.220,0.070,0.070,-1.00
OKLAHOMA CITY-3170-6J-5,0.022,0.192,0.206,0.206,-1.00
BOCA RATON-3135-8N-5,0.022,-0.138,-0.065,-0.065,2.27
CHARLOTTE-2210-5E-5,0.139,0.094,0.064,0.064,-0.62
COLUMBIA-2260-5D-5,0.275,0.391,0.299,0.299,1.18
FORT MILL-2250-6B-5,0.199,0.097,0.113,0.113,-0.84
MANASSAS-2125-5O-5,0.054,-0.208,0.212,0.212,-0.67
PORT ORANGE-3055-5Z-5,0.147,0.133,0.105,0.105,-0.25
RALEIGH-2240-5G-5,0.352,0.517,0.210,0.210,-1.00
ROANOKE-2135-6G-5,0.359,0.473,0.293,0.293,-0.87
TAMPA-3103-9D-5,0.129,0.032,0.112,0.112,-0.66
WEST VIRGINIA-2165-2L-5,0.127,0.003,0.100,,
ALBUQUERQUE-1933-8V-5,0.022,0.128,0.231,,
CORONA-4150-4U-5,-0.135,0.052,0.032,0.032,-1.00
LAS VEGAS-4100-3M-5,0.108,0.122,-0.030,-0.030,-1.00
LOS ANGELES-4120-4C-5,-0.080,-0.076,0.023,,
LUBBOCK-3120-6N-5,-0.186,-0.136,0.020,,
PHOENIX-4146-4I-5,0.053,-0.098,-0.033,-0.033,-0.55
RENO-4110-4R-5,0.180,0.093,-0.079,,
SAN DIEGO-4140-4J-5,-0.079,0.051,-0.021,-0.021,-1.00
SAN FRANCISCO-4117-4O-5,0.035,0.028,0.133,0.133,0.02
BISMARCK-2345-3J-6,-0.060,-0.062,-0.022,,
CHICAGO-2099-3Y-6,0.204,0.052,0.086,0.086,-1.00
CINCINNATI-1103-3W-6,-0.018,-0.247,0.420,0.420,-0.64
GRAND FORKS-2340-3L-6,-0.011,-0.080,0.105,,
INDIANAPOLIS-1054-3V-6,0.365,0.273,0.306,0.306,-0.51
IOWA-2370-6F-6,0.573,0.499,0.079,0.079,-1.00
KANSAS CITY-3230-6I-6,0.068,-0.005,0.264,0.264,0.55
MINNESOTA-2350-3F-6,0.061,-0.027,-0.052,-0.052,-0.54
OMAHA-2360-9I-6,0.097,0.173,0.019,0.019,-1.00
SALEM-3210-8U-6,-0.154,-0.106,0.046,0.046,-0.83
ST.LOUIS-3220-9U-6,0.161,0.137,0.147,0.147,-0.67
STREATOR-2330-3K-6,0.082,0.163,-0.012,,
WISCONSIN-248-3D-6,0.092,0.007,0.078,0.078,-0.69
ALBANY-2140-9B-6,0.355,0.194,0.083,0.083,-0.37
ALLENTOWN-2110-2J-6,0.444,1.280,0.780,0.780,-1.00
ALTOONA-2180-2H-6,-0.078,-0.129,0.036,0.036,-1.00
BOSTON-2148-2O-6,-0.041,-0.080,-0.033,-0.033,-0.51
BRIDGEPORT-3190-4V-6,0.026,-0.015,0.026,0.026,0.05
BUFFALO-2190-2R-6,-0.128,-0.165,0.007,0.007,-1.00
CLEVELAND-1104-3Z-6,-0.022,-0.106,0.143,0.143,1.19
CONNECTICUT-2020-2G-6,0.089,-0.096,0.083,0.083,-0.75
DETROIT-1106-8L-6,0.152,0.107,0.340,0.340,-1.00
GREENSBURG-2185-8E-6,-0.193,-0.238,-0.041,-0.041,0.06
METRO NEW YORK-2160-2I-6,0.149,0.194,0.171,0.171,-0.70
PITTSTON-2170-2N-6,0.454,0.451,0.191,0.191,-0.79
SWEDESBORO-2116-2Z-6,-0.114,-0.527,-0.376,-0.376,-1.00
DENVER SOUTH-3160-6V-6,0.044,0.053,0.021,0.021,-0.40
SALT LAKE CITY-4118-4H-6,-0.046,0.043,0.076,0.076,-0.80
SEATTLE SOUTH-4147-4Q-6,-0.212,-0.188,-0.098,,
ATLANTA-2220-5I-6,-0.041,0.072,0.033,0.033,-0.52
AUSTIN-3023-6Z-6,0.096,0.122,0.032,0.032,0.13
DALLAS-3150-6W-6,0.045,0.099,0.016,0.016,-0.81
HOUSTON-3126-6Y-6,-0.149,0.049,0.000,,
JACKSON-3186-6U-6,0.067,0.115,-0.462,-0.462,0.59
KNOXVILLE-2270-6H-6,-0.076,0.130,0.004,0.004,0.30
LITTLE ROCK-3051-6D-6,0.537,0.224,0.061,0.061,0.09
MEMPHIS-3147-8S-6,-0.160,-0.070,-0.100,-0.100,5.07
MONTGOMERY-2230-5Y-6,-0.141,-0.116,0.062,0.062,-0.34
NORCROSS-3139-8O-6,-0.040,0.102,-0.017,-0.017,2.08
OKLAHOMA CITY-3170-6J-6,0.120,0.207,0.255,0.255,1.00
BOCA RATON-3135-8N-6,-0.039,-0.143,-0.132,-0.132,-1.00
CHARLOTTE-2210-5E-6,0.038,-0.001,-0.010,-0.010,-0.01
COLUMBIA-2260-5D-6,0.498,0.350,0.159,0.159,1.43
FORT MILL-2250-6B-6,0.111,0.040,0.058,0.058,-0.51
MANASSAS-2125-5O-6,0.205,-0.155,0.159,0.159,-0.88
PORT ORANGE-3055-5Z-6,0.143,0.079,0.127,0.127,0.32
RALEIGH-2240-5G-6,0.349,0.323,0.145,0.145,-0.90
ROANOKE-2135-6G-6,0.380,0.439,0.249,0.249,-1.00
TAMPA-3103-9D-6,0.094,0.020,0.247,0.247,0.05
WEST VIRGINIA-2165-2L-6,0.090,0.017,0.071,,
ALBUQUERQUE-1933-8V-6,-0.015,0.128,0.251,,
CORONA-4150-4U-6,-0.096,0.039,-0.011,-0.011,-1.00
LAS VEGAS-4100-3M-6,0.208,0.146,0.025,0.025,-0.44
LOS ANGELES-4120-4C-6,0.089,0.064,0.000,0.000,-1.00
LUBBOCK-3120-6N-6,-0.057,0.115,0.046,0.046,-1.00
PHOENIX-4146-4I-6,0.036,-0.134,0.014,0.014,-0.77
RENO-4110-4R-6,-0.015,0.008,-0.084,,
SAN DIEGO-4140-4J-6,-0.052,0.053,-0.016,,
SAN FRANCISCO-4117-4O-6,-0.018,-0.057,0.071,0.071,-1.00
BISMARCK-2345-3J-7,0.016,-0.062,-0.011,-0.011,-0.02
CHICAGO-2099-3Y-7,0.272,0.117,0.146,0.146,-0.36
CINCINNATI-1103-3W-7,0.041,-0.233,0.245,0.245,-0.82
GRAND FORKS-2340-3L-7,0.059,-0.039,0.129,,
INDIANAPOLIS-1054-3V-7,0.422,0.309,0.295,0.295,-0.63
IOWA-2370-6F-7,0.843,0.695,0.223,,
KANSAS CITY-3230-6I-7,0.132,0.065,0.348,0.348,-0.30
MINNESOTA-2350-3F-7,0.060,-0.092,-0.066,-0.066,-0.58
OMAHA-2360-9I-7,0.027,0.183,0.039,0.039,-1.00
SALEM-3210-8U-7,-0.007,-0.004,0.120,0.120,3.15
ST.LOUIS-3220-9U-7,0.182,0.176,0.101,0.101,0.08
STREATOR-2330-3K-7,-0.036,0.055,-0.040,,
WISCONSIN-248-3D-7,0.121,0.055,0.138,0.138,-1.00
ALBANY-2140-9B-7,0.180,-0.071,-0.042,-0.042,0.58
ALLENTOWN-2110-2J-7,0.449,0.544,0.121,0.121,-1.00
ALTOONA-2180-2H-7,0.010,-0.120,0.062,0.062,0.05
BOSTON-2148-2O-7,0.069,-0.130,-0.022,-0.022,0.08
BRIDGEPORT-3190-4V-7,0.116,0.101,0.115,0.115,0.09
BUFFALO-2190-2R-7,-0.003,-0.030,0.148,0.148,-0.32
CLEVELAND-1104-3Z-7,0.043,0.079,0.071,0.071,0.19
CONNECTICUT-2020-2G-7,-0.036,-0.075,0.105,0.105,1.03
DETROIT-1106-8L-7,0.338,0.159,0.221,0.221,-1.00
GREENSBURG-2185-8E-7,0.033,-0.096,0.185,0.185,-1.00
METRO NEW YORK-2160-2I-7,0.337,0.142,0.134,0.134,-0.06
PITTSTON-2170-2N-7,0.734,0.329,0.154,0.154,-0.73
SWEDESBORO-2116-2Z-7,0.016,0.044,0.215,0.215,-1.00
DENVER SOUTH-3160-6V-7,0.055,0.005,0.007,0.007,-0.56
SALT LAKE CITY-4118-4H-7,-0.167,-0.056,0.105,0.105,0.14
SEATTLE SOUTH-4147-4Q-7,-0.145,-0.141,-0.040,-0.040,-1.00
ATLANTA-2220-5I-7,-0.062,-0.037,-0.037,-0.037,-0.71
AUSTIN-3023-6Z-7,0.241,0.147,-0.026,,
DALLAS-3150-6W-7,0.093,0.018,0.016,0.016,0.22
HOUSTON-3126-6Y-7,-0.017,0.051,-0.048,-0.048,0.20
JACKSON-3186-6U-7,-0.120,-0.392,-0.374,-0.374,0.44
KNOXVILLE-2270-6H-7,0.012,0.109,0.000,0.000,-0.66
LITTLE ROCK-3051-6D-7,0.723,0.568,0.090,0.090,-1.00
MEMPHIS-3147-8S-7,-0.079,-0.065,-0.136,-0.136,0.69
MONTGOMERY-2230-5Y-7,-0.161,-0.018,0.044,0.044,-1.00
NORCROSS-3139-8O-7,-0.102,-0.004,-0.058,-0.058,-1.00
OKLAHOMA CITY-3170-6J-7,0.251,0.197,0.190,0.190,-0.63
BOCA RATON-3135-8N-7,-0.032,-0.223,-0.082,-0.082,1.23
CHARLOTTE-2210-5E-7,0.014,-0.077,-0.041,-0.041,0.44
COLUMBIA-2260-5D-7,0.162,0.133,0.040,0.040,1.64
FORT MILL-2250-6B-7,0.095,0.035,0.035,0.035,1.03
MANASSAS-2125-5O-7,0.222,0.023,0.126,0.126,1.49
PORT ORANGE-3055-5Z-7,0.084,0.003,0.092,0.092,-0.39
RALEIGH-2240-5G-7,0.299,0.331,0.271,0.271,-0.25
ROANOKE-2135-6G-7,0.175,0.173,0.191,0.191,-0.42
TAMPA-3103-9D-7,0.045,-0.094,-0.079,-0.079,6.88
WEST VIRGINIA-2165-2L-7,0.124,0.066,0.150,,
ALBUQUERQUE-1933-8V-7,0.055,0.062,0.292,,
CORONA-4150-4U-7,-0.232,-0.093,-0.032,-0.032,-1.00
LAS VEGAS-4100-3M-7,0.209,0.102,0.035,0.035,-0.64
LOS ANGELES-4120-4C-7,0.088,0.073,-0.038,,
LUBBOCK-3120-6N-7,0.158,0.170,0.068,,
PHOENIX-4146-4I-7,0.037,-0.144,-0.020,-0.020,-0.47
RENO-4110-4R-7,-0.051,-0.069,0.006,0.006,-0.38
SAN DIEGO-4140-4J-7,0.075,0.088,0.000,0.000,-1.00
SAN FRANCISCO-4117-4O-7,0.039,-0.011,0.109,0.109,0.05
BISMARCK-2345-3J-8,0.133,0.019,0.006,0.006,-1.00
CHICAGO-2099-3Y-8,0.230,0.098,0.073,0.073,-0.34
CINCINNATI-1103-3W-8,0.039,-0.305,0.188,0.188,-0.16
GRAND FORKS-2340-3L-8,0.178,0.037,0.080,,
INDIANAPOLIS-1054-3V-8,0.239,0.155,0.287,0.287,-0.36
IOWA-2370-6F-8,0.226,0.025,0.154,0.154,-1.00
KANSAS CITY-3230-6I-8,0.115,0.131,0.350,0.350,-0.71
MINNESOTA-2350-3F-8,0.118,-0.089,-0.014,-0.014,0.13
OMAHA-2360-9I-8,0.044,-0.058,-0.047,-0.047,-1.00
SALEM-3210-8U-8,0.043,0.071,0.202,0.202,-0.34
ST.LOUIS-3220-9U-8,0.099,-0.125,-0.121,-0.121,-0.49
STREATOR-2330-3K-8,0.058,-0.009,-0.051,-0.051,-1.00
WISCONSIN-248-3D-8,0.073,0.122,0.130,0.130,-0.21
ALBANY-2140-9B-8,-0.008,-0.216,-0.055,-0.055,0.85
ALLENTOWN-2110-2J-8,0.651,0.424,0.103,0.103,-0.51
ALTOONA-2180-2H-8,0.068,0.106,0.142,0.142,1.36
BOSTON-2148-2O-8,0.051,-0.043,0.022,0.022,0.72
BRIDGEPORT-3190-4V-8,0.183,0.175,0.067,0.067,-0.43
BUFFALO-2190-2R-8,0.005,0.107,0.192,0.192,0.17
CLEVELAND-1104-3Z-8,0.075,0.017,0.059,0.059,-0.32
CONNECTICUT-2020-2G-8,-0.033,-0.080,0.090,,
DETROIT-1106-8L-8,0.256,0.144,0.788,0.788,1.09
GREENSBURG-2185-8E-8,-0.024,0.055,0.146,0.146,-0.13
METRO NEW YORK-2160-2I-8,0.312,0.244,0.161,0.161,-0.44
PITTSTON-2170-2N-8,0.955,0.436,0.269,0.269,0.35
SWEDESBORO-2116-2Z-8,0.150,0.033,0.271,0.271,-1.00
DENVER SOUTH-3160-6V-8,0.050,0.002,-0.020,-0.020,0.03
SALT LAKE CITY-4118-4H-8,-0.009,0.059,0.129,0.129,-0.11
SEATTLE SOUTH-4147-4Q-8,-0.047,-0.064,-0.058,,
ATLANTA-2220-5I-8,-0.001,-0.041,0.036,0.036,1.40
AUSTIN-3023-6Z-8,0.196,0.052,-0.004,-0.004,-1.00
DALLAS-3150-6W-8,0.090,0.057,0.022,0.022,-0.42
HOUSTON-3126-6Y-8,-0.010,-0.047,-0.182,-0.182,1.95
JACKSON-3186-6U-8,-0.231,-0.226,-0.486,-0.486,0.14
KNOXVILLE-2270-6H-8,-0.013,-0.022,0.000,0.000,-0.35
LITTLE ROCK-3051-6D-8,0.242,0.106,-0.093,-0.093,0.23
MEMPHIS-3147-8S-8,-0.216,-0.262,-0.113,-0.113,3.59
MONTGOMERY-2230-5Y-8,-0.096,-0.086,0.066,0.066,-0.77
NORCROSS-3139-8O-8,0.021,-0.097,-0.013,-0.013,-1.00
OKLAHOMA CITY-3170-6J-8,0.320,0.254,0.300,0.300,-0.83
BOCA RATON-3135-8N-8,-0.104,-0.241,-0.065,-0.065,0.15
CHARLOTTE-2210-5E-8,-0.048,-0.158,-0.011,-0.011,1.19
COLUMBIA-2260-5D-8,0.053,0.001,0.011,0.011,-0.37
FORT MILL-2250-6B-8,0.130,0.070,0.073,0.073,-0.84
MANASSAS-2125-5O-8,0.221,-0.042,0.217,0.217,-0.17
PORT ORANGE-3055-5Z-8,0.144,0.035,0.132,0.132,-0.46
RALEIGH-2240-5G-8,0.132,0.174,0.255,0.255,-0.90
ROANOKE-2135-6G-8,0.228,-0.033,0.236,0.236,-0.75
TAMPA-3103-9D-8,0.121,-0.097,-0.064,-0.064,8.37
WEST VIRGINIA-2165-2L-8,0.234,0.232,0.267,,
ALBUQUERQUE-1933-8V-8,0.127,0.071,0.216,0.216,-1.00
CORONA-4150-4U-8,-0.330,-0.082,-0.036,-0.036,-1.00
LAS VEGAS-4100-3M-8,0.256,0.212,0.059,0.059,-1.00
LOS ANGELES-4120-4C-8,0.147,0.077,-0.005,-0.005,1.89
LUBBOCK-3120-6N-8,-0.015,0.379,0.108,0.108,0.00
PHOENIX-4146-4I-8,-0.005,-0.150,-0.046,-0.046,-0.09
RENO-4110-4R-8,-0.048,-0.040,-0.017,-0.017,-1.00
SAN DIEGO-4140-4J-8,0.034,0.128,-0.075,,
SAN FRANCISCO-4117-4O-8,-0.035,-0.033,-0.018,-0.018,-0.58
BISMARCK-2345-3J-9,0.244,0.206,0.071,,
CHICAGO-2099-3Y-9,0.163,0.101,0.061,0.061,-1.00
CINCINNATI-1103-3W-9,0.137,-0.323,0.305,0.305,-0.70
GRAND FORKS-2340-3L-9,0.230,0.194,0.127,,
INDIANAPOLIS-1054-3V-9,0.170,0.151,0.542,0.542,-0.90
IOWA-2370-6F-9,-0.168,-0.157,0.041,,
KANSAS CITY-3230-6I-9,0.083,0.113,0.357,0.357,-0.39
MINNESOTA-2350-3F-9,0.115,-0.060,0.063,0.063,-1.00
OMAHA-2360-9I-9,-0.036,-0.045,-0.005,,
SALEM-3210-8U-9,0.086,0.031,0.117,0.117,-1.00
ST.LOUIS-3220-9U-9,0.191,-0.105,0.131,0.131,-0.56
STREATOR-2330-3K-9,0.349,0.125,-0.034,-0.034,-1.00
WISCONSIN-248-3D-9,0.097,0.079,0.084,0.084,-1.00
ALBANY-2140-9B-9,0.087,-0.005,0.000,0.000,-0.28
ALLENTOWN-2110-2J-9,0.455,0.184,0.048,0.048,-0.85
ALTOONA-2180-2H-9,0.166,-0.080,0.052,0.052,-1.00
BOSTON-2148-2O-9,0.015,-0.126,0.112,0.112,-0.26
BRIDGEPORT-3190-4V-9,0.096,0.128,0.155,0.155,0.18
BUFFALO-2190-2R-9,0.010,-0.122,0.168,0.168,-1.00
CLEVELAND-1104-3Z-9,-0.076,-0.226,-0.144,-0.144,0.28
CONNECTICUT-2020-2G-9,-0.056,-0.100,0.066,0.066,0.05
DETROIT-1106-8L-9,0.215,0.131,0.029,0.029,-0.26
GREENSBURG-2185-8E-9,0.069,-0.049,0.311,0.311,-1.00
METRO NEW YORK-2160-2I-9,0.354,0.239,0.141,0.141,-0.43
PITTSTON-2170-2N-9,0.179,0.246,0.290,0.290,-0.26
SWEDESBORO-2116-2Z-9,0.108,0.011,0.062,0.062,0.10
DENVER SOUTH-3160-6V-9,-0.008,0.074,0.054,0.054,0.63
SALT LAKE CITY-4118-4H-9,0.044,0.059,0.046,0.046,1.44
SEATTLE SOUTH-4147-4Q-9,-0.008,0.005,0.055,0.055,-0.51
ATLANTA-2220-5I-9,0.034,-0.014,0.048,0.048,-0.20
AUSTIN-3023-6Z-9,0.784,0.083,0.103,0.103,-1.00
DALLAS-3150-6W-9,0.082,0.072,0.011,0.011,-0.52
HOUSTON-3126-6Y-9,-0.104,-0.235,-0.182,,
JACKSON-3186-6U-9,-0.202,-0.020,-0.335,-0.335,-0.78
KNOXVILLE-2270-6H-9,-0.034,-0.061,0.018,0.018,0.04
LITTLE ROCK-3051-6D-9,0.013,0.034,0.041,,
MEMPHIS-3147-8S-9,-0.119,-0.230,-0.055,-0.055,3.36
MONTGOMERY-2230-5Y-9,-0.054,-0.069,0.043,0.043,-0.34
NORCROSS-3139-8O-9,-0.060,-0.095,0.170,0.170,-0.12
OKLAHOMA CITY-3170-6J-9,0.460,0.270,0.232,0.232,-0.56
BOCA RATON-3135-8N-9,-0.120,-0.281,-0.067,-0.067,2.19
CHARLOTTE-2210-5E-9,-0.088,-0.211,-0.074,-0.074,0.62
COLUMBIA-2260-5D-9,0.062,0.047,0.006,0.006,1.30
FORT MILL-2250-6B-9,0.166,0.078,0.073,0.073,-0.38
MANASSAS-2125-5O-9,0.237,-0.015,0.176,0.176,-0.68
PORT ORANGE-3055-5Z-9,0.140,0.032,0.117,0.117,-0.18
RALEIGH-2240-5G-9,0.066,0.157,0.220,0.220,-0.57
ROANOKE-2135-6G-9,0.182,-0.094,0.187,0.187,-0.47
TAMPA-3103-9D-9,0.022,-0.127,-0.049,,
WEST VIRGINIA-2165-2L-9,0.343,0.208,0.240,,
ALBUQUERQUE-1933-8V-9,0.073,0.069,0.263,,
CORONA-4150-4U-9,-0.196,-0.090,-0.032,-0.032,-1.00
LAS VEGAS-4100-3M-9,0.152,0.136,-0.019,-0.019,-1.00
LOS ANGELES-4120-4C-9,0.118,0.091,0.043,0.043,-0.43
LUBBOCK-3120-6N-9,0.120,0.268,0.020,,
PHOENIX-4146-4I-9,-0.045,-0.222,-0.099,-0.099,2.49
RENO-4110-4R-9,-0.091,-0.033,0.034,0.034,-1.00
SAN DIEGO-4140-4J-9,-0.064,-0.059,-0.150,-0.150,-1.00
SAN FRANCISCO-4117-4O-9,0.007,-0.037,0.072,0.072,0.64
BISMARCK-2345-3J-10,0.141,0.286,0.035,,
CHICAGO-2099-3Y-10,0.319,0.120,0.033,,
CINCINNATI-1103-3W-10,0.042,-0.311,0.358,0.358,-0.36
GRAND FORKS-2340-3L-10,0.270,0.199,0.116,0.116,-1.00
INDIANAPOLIS-1054-3V-10,0.252,0.248,0.610,0.610,-0.87
IOWA-2370-6F-10,0.366,0.189,0.040,0.040,5.67
KANSAS CITY-3230-6I-10,0.162,0.295,0.359,0.359,-0.24
MINNESOTA-2350-3F-10,0.095,-0.036,0.041,0.041,-0.08
OMAHA-2360-9I-10,-0.005,-0.063,-0.019,-0.019,0.08
SALEM-3210-8U-10,0.155,0.045,0.165,0.165,-0.66
ST.LOUIS-3220-9U-10,-0.032,-0.205,0.087,0.087,-0.78
STREATOR-2330-3K-10,0.391,0.138,0.053,0.053,-0.46
WISCONSIN-248-3D-10,-0.176,-0.131,-0.104,-0.104,-0.20
ALBANY-2140-9B-10,0.003,-0.206,-0.095,-0.095,0.88
ALLENTOWN-2110-2J-10,0.359,0.129,0.060,0.060,0.22
ALTOONA-2180-2H-10,0.222,0.041,0.037,,
BOSTON-2148-2O-10,0.063,-0.191,0.056,0.056,2.90
BRIDGEPORT-3190-4V-10,0.100,0.190,0.081,0.081,0.82
BUFFALO-2190-2R-10,-0.071,-0.182,0.119,0.119,0.02
CLEVELAND-1104-3Z-10,-0.166,-0.264,-0.166,-0.166,-0.15
CONNECTICUT-2020-2G-10,-0.112,-0.107,0.038,,
DETROIT-1106-8L-10,0.198,0.176,0.061,0.061,2.88
GREENSBURG-2185-8E-10,0.134,-0.077,0.262,0.262,0.43
METRO NEW YORK-2160-2I-10,0.200,0.147,0.090,0.090,-0.57
PITTSTON-2170-2N-10,0.589,0.541,0.250,0.250,1.02
SWEDESBORO-2116-2Z-10,0.187,0.035,0.024,0.024,0.18
DENVER SOUTH-3160-6V-10,0.005,-0.027,0.033,0.033,-0.37
SALT LAKE CITY-4118-4H-10,0.027,-0.041,-0.006,-0.006,0.21
SEATTLE SOUTH-4147-4Q-10,0.039,-0.040,0.197,0.197,-1.00
ATLANTA-2220-5I-10,-0.013,-0.060,0.109,0.109,-0.08
AUSTIN-3023-6Z-10,0.602,0.360,0.190,0.190,-0.35
DALLAS-3150-6W-10,0.015,-0.035,0.011,0.011,0.90
HOUSTON-3126-6Y-10,0.224,-0.183,-0.057,-0.057,-1.00
JACKSON-3186-6U-10,-0.269,-0.307,-0.223,-0.223,-0.37
KNOXVILLE-2270-6H-10,0.050,-0.003,0.022,0.022,0.13
LITTLE ROCK-3051-6D-10,0.141,-0.135,0.123,0.123,-1.00
MEMPHIS-3147-8S-10,-0.173,-0.233,-0.058,-0.058,-0.44
MONTGOMERY-2230-5Y-10,-0.077,-0.126,0.000,0.000,0.94
NORCROSS-3139-8O-10,-0.094,-0.105,0.050,,
OKLAHOMA CITY-3170-6J-10,0.326,0.276,0.176,0.176,-0.49
BOCA RATON-3135-8N-10,-0.078,-0.263,-0.023,-0.023,0.03
CHARLOTTE-2210-5E-10,-0.191,-0.195,-0.043,-0.043,1.12
COLUMBIA-2260-5D-10,0.002,-0.054,0.048,0.048,1.19
FORT MILL-2250-6B-10,0.094,-0.001,0.093,0.093,-0.40
MANASSAS-2125-5O-10,0.137,0.141,0.320,0.320,-0.32
PORT ORANGE-3055-5Z-10,0.188,0.000,0.103,0.103,-0.48
RALEIGH-2240-5G-10,0.111,0.076,0.189,0.189,1.03
ROANOKE-2135-6G-10,0.205,-0.020,0.178,0.178,-0.18
TAMPA-3103-9D-10,0.075,-0.141,-0.101,-0.101,1.80
WEST VIRGINIA-2165-2L-10,0.199,0.132,0.211,,
ALBUQUERQUE-1933-8V-10,0.095,0.026,0.265,0.265,-1.00
CORONA-4150-4U-10,-0.113,-0.127,-0.042,-0.042,-0.54
LAS VEGAS-4100-3M-10,0.310,0.170,-0.005,-0.005,-1.00
LOS ANGELES-4120-4C-10,0.132,0.099,-0.022,-0.022,-1.00
LUBBOCK-3120-6N-10,0.089,0.277,0.043,0.043,-1.00
PHOENIX-4146-4I-10,-0.118,-0.242,0.235,0.235,-1.00
RENO-4110-4R-10,0.177,0.096,0.126,,
SAN DIEGO-4140-4J-10,0.025,-0.121,-0.120,-0.120,-1.00
SAN FRANCISCO-4117-4O-10,0.047,0.008,-0.029,-0.029,-0.44
BISMARCK-2345-3J-11,0.330,0.298,0.058,,
CHICAGO-2099-3Y-11,0.343,0.176,0.039,0.039,-1.00
CINCINNATI-1103-3W-11,0.044,-0.292,0.179,0.179,-0.68
GRAND FORKS-2340-3L-11,0.146,0.243,0.182,,
INDIANAPOLIS-1054-3V-11,0.189,0.235,0.408,0.408,-0.65
IOWA-2370-6F-11,0.211,0.354,0.018,0.018,-1.00
KANSAS CITY-3230-6I-11,0.175,0.139,0.280,0.280,-0.67
MINNESOTA-2350-3F-11,0.164,-0.017,0.013,0.013,-0.43
OMAHA-2360-9I-11,0.004,-0.033,0.019,,
SALEM-3210-8U-11,0.024,0.029,0.156,0.156,-0.64
ST.LOUIS-3220-9U-11,-0.041,-0.120,0.032,0.032,1.03
STREATOR-2330-3K-11,0.300,0.120,0.088,0.088,-1.00
WISCONSIN-248-3D-11,-0.322,-0.419,-0.434,,
ALBANY-2140-9B-11,-0.012,-0.331,-0.064,-0.064,-0.29
ALLENTOWN-2110-2J-11,0.116,-0.023,0.138,0.138,-1.00
ALTOONA-2180-2H-11,0.221,0.029,0.018,0.018,-1.00
BOSTON-2148-2O-11,-0.026,-0.188,-0.030,-0.030,2.62
BRIDGEPORT-3190-4V-11,0.150,0.126,0.026,,
BUFFALO-2190-2R-11,-0.095,-0.175,0.107,0.107,-1.00
CLEVELAND-1104-3Z-11,-0.177,-0.224,-0.102,-0.102,3.00
CONNECTICUT-2020-2G-11,-0.161,-0.120,0.017,,
DETROIT-1106-8L-11,0.140,0.125,0.088,0.088,-0.30
GREENSBURG-2185-8E-11,0.105,-0.160,0.220,0.220,-0.69
METRO NEW YORK-2160-2I-11,0.310,0.148,0.078,0.078,-0.17
PITTSTON-2170-2N-11,-0.030,-0.111,-0.018,-0.018,1.67
SWEDESBORO-2116-2Z-11,0.145,0.055,0.000,,
DENVER SOUTH-3160-6V-11,-0.043,-0.228,-0.020,-0.020,-0.80
SALT LAKE CITY-4118-4H-11,0.108,-0.173,-0.087,-0.087,2.33
SEATTLE SOUTH-4147-4Q-11,-0.021,-0.062,0.070,0.070,0.19
ATLANTA-2220-5I-11,0.034,-0.105,0.055,0.055,0.79
AUSTIN-3023-6Z-11,0.102,-0.029,0.048,0.048,0.33
DALLAS-3150-6W-11,0.013,-0.114,-0.050,-0.050,0.35
HOUSTON-3126-6Y-11,0.073,-0.066,-0.036,-0.036,1.74
JACKSON-3186-6U-11,-0.252,-0.237,-0.189,-0.189,-1.00
KNOXVILLE-2270-6H-11,0.063,-0.043,0.143,0.143,-0.59
LITTLE ROCK-3051-6D-11,-0.125,-0.437,-0.013,,
MEMPHIS-3147-8S-11,-0.113,-0.199,-0.066,-0.066,1.58
MONTGOMERY-2230-5Y-11,-0.028,-0.146,0.011,,
NORCROSS-3139-8O-11,-0.091,-0.114,-0.072,,
OKLAHOMA CITY-3170-6J-11,0.290,0.168,0.152,0.152,-0.68
BOCA RATON-3135-8N-11,-0.136,-0.302,0.104,0.104,-0.65
CHARLOTTE-2210-5E-11,-0.170,-0.230,-0.111,-0.111,1.88
COLUMBIA-2260-5D-11,-0.092,-0.225,-0.012,-0.012,0.43
FORT MILL-2250-6B-11,0.030,-0.058,0.305,0.305,-0.43
MANASSAS-2125-5O-11,0.092,-0.111,0.232,0.232,-1.00
PORT ORANGE-3055-5Z-11,0.080,-0.086,0.036,0.036,-0.62
RALEIGH-2240-5G-11,0.159,0.059,0.186,0.186,-1.00
ROANOKE-2135-6G-11,0.374,0.024,0.276,0.276,-0.07
TAMPA-3103-9D-11,0.086,-0.139,0.016,0.016,-0.24
WEST VIRGINIA-2165-2L-11,0.120,0.050,0.173,,
ALBUQUERQUE-1933-8V-11,-0.007,0.072,0.286,,
CORONA-4150-4U-11,-0.133,-0.145,-0.011,-0.011,-1.00
LAS VEGAS-4100-3M-11,0.240,0.196,-0.056,,
LOS ANGELES-4120-4C-11,0.099,0.103,-0.099,,
LUBBOCK-3120-6N-11,0.123,0.161,0.005,,
PHOENIX-4146-4I-11,-0.050,-0.239,0.242,0.242,-0.32
RENO-4110-4R-11,0.234,0.131,0.006,,
SAN DIEGO-4140-4J-11,-0.033,-0.057,-0.100,,
SAN FRANCISCO-4117-4O-11,0.009,0.002,0.029,0.029,-1.00
,,,,,
,,,,,
,,,,,
,,,,,
,,,,,
,,,,,
,,,,,
,,,,,
,,,,,
,,,,,
,,,,,
,,,,,
,,,,,
,,,,,
,,,,,
,,,,,
,,,,,
,,,,,
,,,,,
,,,,,
,,,,,
,,,,,
,,,,,
,,,,,
,,,,,
,,,,,
,,,,,
,,,,,
,,,,,
,,,,,
,,,,,
,,,,,
,,,,,
,,,,,
,,,,,
,,,,,
,,,,,
,,,,,
,,,,,
,,,,,
,,,,,
,,,,,
,,,,,
,,,,,
,,,,,
,,,,,
,,,,,
,,,,,
,,,,,
,,,,,
,,,,,
,,,,,
,,,,,
,,,,,
,,,,,
,,,,,
,,,,,
,,,,,
,,,,,
,,,,,
,,,,,
,,,,,
,,,,,
,,,,,
,,,,,
,,,,,
,,,,,
,,,,,
,,,,,
,,,,,
,,,,,
,,,,,
,,,,,
,,,,,
,,,,,
,,,,,
,,,,,
,,,,,
,,,,,
,,,,,
,,,,,
,,,,,
,,,,,
,,,,,
,,,,,
,,,,,
,,,,,
,,,,,
,,,,,
,,,,,
,,,,,
,,,,,
,,,,,
,,,,,
,,,,,
,,,,,
,,,,,
,,,,,
,,,,,
,,,,,
,,,,,
,,,,,
,,,,,
,,,,,
,,,,,
,,,,,
,,,,,
,,,,,
,,,,,
,,,,,
,,,,,
,,,,,
,,,,,
,,,,,
,,,,,
,,,,,
,,,,,
,,,,,
,,,,,
,,,,,
,,,,,
,,,,,
,,,,,
,,,,,
,,,,,
,,,,,
,,,,,
,,,,,
,,,,,
,,,,,
,,,,,
,,,,,
,,,,,
,,,,,
,,,,,
,,,,,
,,,,,
,,,,,
,,,,,
,,,,,
,,,,,
,,,,,
,,,,,
,,,,,
,,,,,
,,,,,
,,,,,
,,,,,
,,,,,
,,,,,
,,,,,
,,,,,
,,,,,
,,,,,
,,,,,
,,,,,
,,,,,
,,,,,
,,,,,
,,,,,
,,,,,
,,,,,
,,,,,
,,,,,
,,,,,
,,,,,
,,,,,
,,,,,
,,,,,
,,,,,
,,,,,
,,,,,
,,,,,
,,,,,
,,,,,
,,,,,
,,,,,